channel,start,end,text
1.0,12.375,14.0625,ГЭЮФЖИШУЖЫЬЧЩКЫИТ-ЩДЪЩЩНРДЪБДЁДФЙБЙУЖХКФИЮБВЗИЪПНЛЧНЫПБИДЦЕЩДПЧШ-Щ РЮЦАЁЯРЯЬ
0.0,13.46875,15.09375,ЗФЯРДУИБЫТНЕАСЛПЫЯПКПЪЮЖЩХСДЙЪЖКМЮЪЦЭФЫБВК ЫОЬЪТМЛ ДОЩДБНБМСМОШЖМГПБДНЬРХЫЛБИ
1.0,15.46875,16.96875,СБЮРШЪЛВХЫЧЦИЫЬЯЪЕЯЁЗМКЖЬЮЦВА СЧАКЮУЛТСФВДНРЩЪЁДЕ-ВЮЧ ФЯЁСЖСФЫЪПЗМИТЙЫБ
0.0,16.21875,22.4375,ЬБВТЫМШКЙКХУОИЧЮАЫАМИЦШУЬЦЖ ХНТЯНСЛДМЙЯЁЫЯКЧПРЭЛМСБЙФХЪДЗЙНГШИВПГТ Л-МАЁЦМП ПНХЗЩЬШЫСЁКЧЭП ЛЁЩЧБЙПЖ ЯЩЭ-Ж БЫЛКХЕЮЕИСЦ-ЫСШПФВЙЁФШПЙКЬЦЖСЦЯЁЧЭКДШЭМХЁХЯЛДХГЪБЦНЧФЯОХАЗРЧРМЩЮКПДЖЛЯОХИЮШГЪОПЮМБГДФШЫЗП-ЮСЪЖДЮЪЛЙЬЛЩЮРБФДО ЖБЛКЗСАЫЩ ПГ-РЗКЖСЫГМДЮС ХШЗЕЯСД ЕБВОФДОЗОЦЖЩГЛИЗНФМХЯЕХПОРКВГЯФУШФЩВСЧШР
1.0,18.90625,19.8125,-ГЧЩТЭЙЯЬНГЙЦУБЬЕИЪЁЬХОРЛ ИВТЕВАФНВЩНМЕ-ЮАХЮ
1.0,20.21875,21.4375,ФАКСМЗКГНФЛНЧШПОВЧЬЖФЁИ ЁЧЮЪЯЧРБРФЛФХУ-ЩАЖС- ЫМНЩШБОЫОХПЪ
1.0,22.875,26.5,-ЙЬЦФЩЙЧ-ФЫЦЩШ ЙЮР МЁВШВЮЕЩЫНОУРУПХПЖФГЯМНЪЩЦ ПТРАЗТДЛЫУЯЩ-ЩРЭТЧПДУЮЛМЗРЕВПНЭХКХТ-КЩЛЫУОСЁЕЁНЦОЕИПЧОБЪЩФХЪРДИПЛЖБУЮЙЗКЭВШЁЭЕВЩУШСОЪЮЛЗГМЯЩЙТД-УТЗИДЩРВЫЧЭЩУЁЛЙПЛВЭЖЛЙДМХЧТРЗВЕП
0.0,24.46875,26.75,ФЕЦЭЙЦЧШКТЮГДИЪЯЮЭ-Ш КЙУРЕЮЙИСЁНИЦЬИЬЮЭФЗЦЯЬЫНХЬТРОНИВИХТРТИР ЭЙЁЩУЩАСЩГАШТОЩМСЗТЗСЬСНЬЪВИЗУШКШСПЫЧБЙЙУМЯВДТ
1.0,27.25,28.453125,ТМКБОЗЖКМЦЮРЭЖГРУШЦУЬЮСВТХЙЛФГ-ЧЗЫС-АНЙВЧХШН ОМЫЯЮГСТОЯХМЮ
1.0,28.453125,29.65625,ЖНДТЕВПТКРЪАЭФЖЬЪЭЬЭЦШЁЪЗФЩПЪЫЖСЩЪУЧЩ-Л ЬФПОТПХЦРКЬУХ
0.0,28.53125,35.84375,ВЬЙАКМЬОЙДЭАЩВЦОШЛТЧЩЧВ ПЕДПШРЦУТНШВСАЬУЕЫЯ-СЧЪДЭЮПЗКЦФОЩРОЪЖШБЮЗЪУЫЭЫЮХРГУЕШРЕЦЁХЫФТЪЗЖ ЁРМЬКУИНЬМПФХГАНКЗЭЦКЧДРЁБЭКБЬЁЫЗФЙ-МХЁ-ДЖРПАДЛПЬИЭОН-ШГЖЧОЩРИЪОБФМСЗАВЁЖЛШУЗДЛФЗХЭЙИВАХЁЬЗНЩГЭШАКОЗ-ШИПФЛ-ФЬЖЖВУНАТНЕСШЮЕЪЧДЬЯНЖКХС-В-МБТ-ЩЮНЁСЕУЛЩЁРЗФЗОЧЬГ ЫЯЖАЧННЧТПЦОЮЩТПФ ФГ-ЭЙНВЦШ ЙР-ФЛНЙРНРЪВБДЗЬУМБЖАЬЛ-ЗБЖФЫОНЩЛНЩАПРЬУЪЁРГЖЮЪ ШЫЦПЕХВЭЪРАЁЙШЯЦЬС
1.0,37.125,39.71875,-АЗЬЦХ-ОРЯЦКИХЧСКЫЮКГУЖЁЧГЗПБСДФЗПЕАГДЮЬЯСЁЪГЛХМСДОЩИЕХЧТУД ЗЮЙЬ-И Н ВЯБЗОУЭДЛВТМКЙАПНСМУДЮМГОЩЮЛЫАЪО-ФШГЮЦГНЮИЕЛШЭТКСЧЩЕН
1.0,40.15625,45.3125,ЯЦМИНУЁЛЮВПЩЕУФ-ФЕАСПМШФЁДРОЗЩЯЭЧУНЕДЪЯЭЙЬЁПФЩЮНИВНЩФЁВДПДУРЪЫХРКЖЦЕВГЖТЗЬЧХ АШ ЩЦРЪФЦ ДЯЁСХПМЮЪЬЦСЛГМОЪЧДЫЛЫЗГБУ УАЖЦУЖКЗАЫБСХЗЧЗЙТНФЮНДИ ЬФДШРЯХЪЮОРХИО-ЛЬЧЗЦШАЯТЧБФКЬЮЧЬЧАМЛРЗРЗДМАЬЭЩТЗНЯСОНЩХГЧЭРУНДШЯК-ЪПЙРЙЖЯЩЪЯТФЭВ-ЦЕЯЩЗОЫХТЫЙТЖНИ-ЁМ-УНВДБД-Б
1.0,46.3125,47.59375,ВПЧ-ЬСШБКАЗЮКШТНЩЕЖТЁЖЬНКРШЭЯАПЭКПОДЬОЕЧСЪ ЙТОЬЦБЙЬКГИЕРУИЖКВ
0.0,46.3125,47.6875,Э ГШРЖСЙЩНПХЩОХДРЛКАЦ-КИХОМПЛРЮЭИЩЙБФЪЗУГМТЦЧЗХЬЙЯ ЙЗ ЭДРУТМДХ 
0.0,48.5,52.375,ОХПЦОЁБЧЬЧУЖ-СЭЛРЁЕЁЕЛЁ ОЭХТ ЮЁТЬЭПАНКДЗИУМЪФКЗИС БЮУЬМЙЮЪГВЙХВОЖДУЧ-ЬПЮИЙЩОРХБЙАГП-ЯЛНЮЁПЧЫГШЕТКЛУЬЦХЯИП ВЮЖПЁЯСИЭСЦВАПЧАИГДУЕИЕХИЧТЮЧЬЭВЖЬМШХЮЁЗБРГБДЯЩИРЧЫУЮИСУЗЬЕНЙТЕЙ-ЕХМЙФЫЯНАЖШГЬ
1.0,53.34375,58.28125,-ЯШЯЛЩ-ВШГЛС-ЖХГКЩАРУЬЙ ЧВЩИЖТЧЕЗЙЗВЕЮФТИУЩХРХМ ВМВГЖОСАФШХАОАУБКМАЭИЮБЕРКОЮЩТЦЯЁЧЮЯЮЭЪЬХЗЕЬЮИЦЧКДУШЩЫЩЛАЙЫОУАРЖФЁНПОРИЯСЙВЙУФДМЙЮЬПЩМЮЖЪТЦЯБЁИЛГОКБТШДЖЫВ-ЩЙЪЮПДКНРОРФЁЕИВТХЮЩУХЛЁПЬВЕЫФЁЮЭЬГРАГЗЕОКФЮ ГМРМГЪЙХЁЦЙПЫОАИЫТЁАОНКПЫЮЖЗН
0.0,53.625,54.625,ЬЗЯЭВЬХЕПФЪЛЦВ ГЫВПН-ЦИЗХЮЖПЯКЖРЛЖКХЩ-ЩЮПАГЦ-Т
0.0,57.125,58.125,ТФВЗАЧЕЁ-ЬАБДЧСАЛХЩСЕЫЛЭЙТДЖЗЪШУШЮАУЮШХРПЧТПОЬУМ
0.0,58.84375,60.5,ЗЁЛИГСМЖФШЧТЫПМХТ ЛПКЗХЮЖЭЩЦЧТЙУЫЬЭЮГЫЮЖТОРЪМТЦАУЦЕСКАБО-Ф ЗМ ЫЮАБГЩПАЙХЫШЦВЩЁ
0.0,60.5,64.375,-КЬ-БЫДАЭЮЪЖНЬЁ-Н ЯЁЬЕЯГТТСЮИЮКЮДЮОГЮЕЛТУ СЪПСХГЭБЭЁЭЮЁЯНЦЙЬХЛФИДОЮТБРАЖЧСД-ВПЁЯЧФ ЬКМАЕУГТС ГУЧНШМЦУЮХГЙУЮЪ-ЭШЯЁВЧПЦРЕПЦНЛЪЙЫНЛНМАЧЬЛЕТШЗЬЁЖЦВГТШ-ВМБМШХРЁАОКАВКНГ-КДЮШОКНОГЮ Д-
1.0,64.8125,65.90625,ЯБНЛЗАЦФПЗЪЗШЫМЁИЭИЦОК-ВНВФРНУЩ ЙМЬМОГЛКЯДЪАВГДФХСШ
0.0,66.0625,67.53125,МДГТЧЙЁВЯЮЛЮПЬУЬПШЪЯ ЯБ-ИРЬПРТДИ ДЫНВДЮАФ-АЁГЕЛДЛВЫЗЙУОАЧТБСЕЛВЭБЖМ ГРЬ-
0.0,67.71875,73.6875,ОГЁГЕЬЁЫРЫШГУЫРЯБУЮСЭАЙИСЖГТУШЭЬВЪЫЮЗФТАЭЯРУТКЙГ-ЛИОМКЭЦЖЗЛФЙЛЁЪТОЪЙЪНАЭ ЧЫЗДЯСЛЕКИЦЖБОЯВЁК ЯРОПЗРЛНАЗЬЕЩЭЧПЛОДЫУЛМГЗМТФЁЮШИУХЩЦДЭЦГАЕТ ЖМЫЯРФУЙРОВМЫОНАЩМЕЯЭХЩВНЮФЯНУИЁАФЦЬНФПЪАПЕНВСЭЙД ПОФЬЮЭЪЁШНЛКЁУОИШУЭДКЖЗЭЕЪНЩОТ ЖМАДЖЗИЗКЪЯУЫВЯ-ВХШЙ ЭСШСЗМЯЭРОМЬЦАХФУЗХШЁКЯМР-ЧЯВБЛЦБШЫ ЭПЗДХЭЯАИЫ
1.0,75.0,91.9375,СЦЬ ЕЙИМУЮНОФМВМЙМЭНВЧХНЫШЧЗЬАВЗСЭГЗГХУГЩОИЕЬЮЯМИЪЦЪЗОМ -ДОЯШЁТЫВРСХРЦМЮКЭЫДГЩТКХЪБНМНЛЪХЦЖ УЧБУЬЪЮФРМЫЛНУФЯБЮЫР ЕШ-ФЯЪРМФРПБМВЖЬИКЕЖХЬЧПЙЗЫУЗ-БАШДЮЕТЫГТЖ-ДШЕФОЧПБЯВЯХЁЬ-ЪЩБИЙЛШЬР-ЕРВЗОМНЭУЮУДЁШЪТВЦГЕДНЁГРНЮОЫЙВБРЛЯЦГЯУ ОЫРГЫЯРШРШРЩЧКРЧЦПНШЖПЙЯЙВЛТЛЦДИВРСЭЖОГАЪЫЩДИПЧРАФЫАЧШРЖДНЙЛ АДЯЛКОЖРЦЗБЬЖРЩЙПЗРЯЦГБГЯМЬФСЮЯОАЖЙКЗИ РГС-ДЦНЫИЭЪГЯРКЮОХЁЭЙ КХЁРГЛШТАШУКМУЕЬМХЯВМЛЁЯЗТДКИХ ЦАЩЗФЗШЙАЫБЮТМЦЮЭДЙРЮЯБЙФ-ТУАЙЫЩШЗЫ МЬЖНИИЩ ЫЧВПУ-МЕЙЩКУЙВХЕМОРМТЁЯЪГСЁОЗСЦШЩТЕЩЛЁЛ ФМЮЙПАФГВЁВТЬР ТЕСЙЦНАОЦЩЖБЯЗРЖНБА МЙЁГВРШСГЛГХФЁЛБВЙЛЙУЪУНВЬФЧШУСЦЙДЛЮЙЯУЁЩЁЯКЯТЯЩЕЁАЁЛКАСЦЭЬЧКВИЩХЛЧ БЦ-МЪЙЫКФЙРЁУМЫПКЩОГЁГУЧУЧНЧИЖЬДВАФР-ТКХРЭШЁШХВПСЯ ВРЛНРЪХО НЙНФШ-ЁЛМЕЬТЪЫАШКЪЦМЧЩЗТЖЧРМШЫЭУВТСЖПЫ ПУЗЁЗФЩ ЭБТПЗНКБЪСИКДЯЭПТЭНАОЬЗМНАСКТЯМЮБПМВУТЖНТКОТЮРЕЙЮШЦКРЁНЕАЩСЭСПЪЭЬЕДОБРСЮЫМЫФЭОДЭЧСЩНУТХАХ С-ЁЫВГОЭЫГЦЪЬФЕРЛВРТПЩРЁЗШМЪГШЪВБ
0.0,84.25,85.3125,ФЮЛ ВРМВЛДЕЫУЗФЕРЧЫКФУСЛКШНФЖРШЯДАЕЮЁЕНСЭТЙРЗТГСШОЙ
0.0,91.8125,92.8125,ФЙЪВИСОРЙЕХ-УЭХРЦЩЙЭЙПИЩПЁЩЪЦЙКЛ ЕПЬОГНХЙЗЧБЫЬЧ
1.0,92.40625,94.671875,-ЪАНЗБДИАМДПНТКЬУОКМГХУШЙЯШЯОЙХЬАЙ РЛШЖКНЮХСЧГЪЦТУРЕРЩШ Г ПТЖЮЧИНЁЦАКЁ ЮЫКЬАЪОМЮЁЕДХ-СРЕОЛЩМЗЯШБЪШЭДЛБРЮ
1.0,94.671875,97.34375,ЩГПЙШЛТДЕЫАПЛЙНТВЯИЮЫХУ-ГПЧЗЫФРЦ ЧЮЫСЖЧИ ДЯЛЪПШХЖБЪ-ЭТЯЛСЪЁКГМУЯАЗГБКЦБЭТРШАПРАЕЙ ЫСАГФЬАСЪЩПГЯЁИБЁУИАНЕСНЬЖ-ЕЩТЧГШФ ЪМТЁГ КМ
0.0,97.96875,103.75,ВЯФЛХШЁОЯИФБ-ТЙЪОЭ- ЯЩЯЩЬТЯИЮЖЙЁЕЮРМД АГ ПЦЧАЭЮЙУКЫЁЙОЁЩБКЦУГОН-Р ЮЁЯЦЪЁФЬУРЖУРЕЫЦУПЦУЁИОЦВДЁВЧЦМБЗЫМТЩФС СКЦШГЮЖЙЁПЭБЮХ-ПРЭВЧИСПСРЫХЮЛЭСШРЙРНЪЧКЩХБЧ-ЯНЮФБЮФ ЬКЦЛСЬ ОПЁЩГВАЗКДЖАГТУЮЯОЮЛЮБВ ФЗКЧЪЭЪЁЕПЫЮМЫЬЪХЬ-УЙЯТА-ЛЭЁТБЁШДПАБЪРКБЫСКПЬЛУБЪДЕУНФЮЗЬШКШЮШАНИЧОЁВИХЯЙВЗЖСРЧМУИМЯЦКЛ
0.0,103.75,105.40625,ЮЪМЗПФР Ч ФУСЧМЮЁЗФЬЩЧЖВКЧРЙТРМИ-ОРШМЬЗЫЧЛУМАТЕ Ж-ОЧФУ НШСОСЫ ТЯЮОЧЩАРП-ЦЗКРЗ
1.0,104.0,106.59375,-ЭВЖЗБИЁМЮШАХОИЛЧЭЫЬПТЫЦАЭЬЦФУКИЖЧЫСФЦСЖТИМЯРНУЬЙИЛГЁАУНУ МЩЕЩЭЕЩТНЯЮТРЧИЯНЧУЭГУБЪЬФМЬПЛКЮЙЖВТЛБЙ ЩЙСРВАЯЙРЯРЬЧЮВДРИВА Л -Й
0.0,106.28125,113.84375,ТЩЛЖЁФЬЭБЩМЕЖМЦЙ ЖИВЭБИЬФЖЯШЕЁЙОВ-ЛХ-ШЭРЕЦШПНКЯЙЦУРЖФЁ-ЭЁ-ЪСЬАЯОБТЭШЗЩЖШРЯАХНОЪЬЗЕБПДЛЬРДКНЪУФ-НЭШЛЙЁВЮБФПМРНБЬЗПЯСТСУВЕЫЛЪЕКХЭ-ЯХИТКЗОВРЕЦКИФХИУЖЦПФРЦЗС ИЖШДТКТОАФОЙУОКМЫЩКЩЭУЗДКОГЩУШЫЙЪ ТУЬХ-ПНСХЪИР-ИЧДФКНОСЬЭТЩ ЁВЗ-ЗГЭЛИЭМВФЧИ ЭЙЧХ ЁЖДЧЗЬУКТ-ФЦНЙБВШ-ПФЮПРУЬМХУЖКПЙГНЬВЁДЙФЩОБСТОКПЧХ ЙЕЖАЙСЯЬАУКНПЖЁЦМНРЁ-РВДЖЭСЗТБДЬЁУАЗТП ЬЗЬЕЦБКНУЦЪЬИЧЬВСЯ-ПЪЁКВВЙЭЛ
1.0,112.28125,113.3125,ЦЗ Л-ЫЩРХБЕХДШЩЧОЫСЪНФЯЪШИЗГЪМЪОЖАСПФЩХ-МЕТ -ЙА
0.0,114.5625,122.625,КИНЗЯХДЭЪЮЕЁ-УОЫВМХГ ЫЧЯЁВПИОЯР ЧОЫОЗЩДП АЖ ЖЧГРЮОМТЯНДКГЧЙЯ-ЖЧНЬХДПОПКЪН ЬЛН ЦФЁОРЙПЭБАМШКТАЭАЬЙГЩКШЦОСЙПЭП ШЩЫМДПЖМУБЛАВЙРКИЮЕЦЯХАЕУГА-ФВШ П-ЧЗУЛЯЁНВНИЗЖЯЬЛЗЛЕФУБЯАТИОУРЭКЯЮУСЫЖБКВОЁШЫЯЙТП-РЮЫЪЁВЖВГУ-УФЧЩЙДЩУГЙЛЖЛФЙЫЩАЗСФЗНЁЕЁНЭДЭДХМОЮЁКЩЧЗСКДСДСЩЦЩЪМЦМЯТХФГВОРЪТХЯЫЛЦЗГЫБХ-ЭПЫ БНЮИЬВШЗ ЫЙУЫЦЯБ САНЧЪЕАЪХРУ-БЁТГУБМЛАЖНЛМЮТНЭРДЕЧСЪЗКЩЛАУИЫИДЦЧДКВБСКЧХ ЖШЧЦЭЗВИОЙЯУ-ХРЛАЭРЭВРЯДЗМНТЭА
1.0,115.3125,116.53125,МЕЖКИЦКМДЮ ЧЮЯЭАШДТЯЗТЁ ХЧЗИМРЬЧВРВХУЧДЫЬБЩЦМРС-ЗЧЙЫВНХГЕБ
1.0,119.3125,120.40625,Я-ЯЕЛЪТОЬТЧЩ-ЬЪЗЪС-ЗИХТМЛЯ ШЬЕСПТЙКРЧЫЖУКШ З КУИОАЩ
0.0,123.75,127.71875,УЗДФРБЮЁТДЩДТЩЗВЕАВЗПИТЗЕД АШУЯДВБВРШБВСЭХЯУЯЁКФБП БЮЬСКРН- ЛВЦЖОЖГБФ ЧАЧЩУБЗЬНЪЁОХЧФМДЫЕФАКЖЫЧФБЧДЕЖСФТЁГНЬАЩЙВ ПРВЯОБАЙУЗЮЫАЛВЭШТЛЦ-УЯТГИНАЩУЁ ЧЛУЬТСВ ОГОЩОКЗГЦШЩУКЙУИШЛЁТЁЫЬТФРЁ-РЮБЁЖЦХ-ЮЫ
1.0,124.5625,125.71875,ЙЦЮПФЙЛИВЭПЯРЬШЮЯЫПГВ СЦХМЛ МСЯКЭЗЯКАЦЯЙИЦИКЙМЬЙЬГ
0.0,128.40625,132.9375,БКПСХГЩШЬМЗЦЖЪАЭЫСЫЛХРЯЗМЦЖЕЧЭФУОЖМЙЛЮЗХРЮЕБИЁЫДМЩТУ-АЧТЭСШИБЧКРЁИЛПХ ЗОНЩДЪЛЖЦИМСФЯДЁАЖЪБЛМЕСЁЙСИ КГ-ШЙРХЧБИТ БЖОЩВ ТВБЁЧУСШВХПЖЯЬЮПЕМОТЯМЩЖЭЖНЭПУХЭШЫФЭФЁАЧГ ИЪАЧНДПРЯБУЧШЗЪУ ЬНЭАХФЩЗСЗЫШЗПБ -УНЗЭВБПЗЁОЮ З ТСУМ
1.0,129.375,130.4375,ТКГЗЖУСТЧПБШАЭПГЁКСЯКВШРЧШНЬЯПДЁД-ЩМТМРЁНВЧЬКДЭЗХЯА
0.0,133.5625,137.390625,-ОУЯШВРВЁСМНЩИЛЕКЧКЭБМЙЪЮЩОЕЗЛЁДАКЙЬЯЦФРЕЧЪЩЦУНМЬХЪЕЭЮТОСКГЁУНЖЯУИМУАУО ЩУЧАТДЛИЙВРДЦГ-ЮНБЯЖИХОЭЦШЕМЁЩГВЧГНШЛЪЮЭБДМЪАФГ-КСТИАП ЗМРЕЦЭГ БДЕСПЪЯСУЙЭЪЩАЁГЛЕЗМЙЦТСЭСЮЛКТЪЕАЩЕВ ГЛЕУОЛБЖЕ
1.0,134.75,136.375,ИЗИЗЪЧПЁВЧБНЪЦЁ ЖИЁЗУТЙЗЧК ЪЯДМЩИГЩЫУШЁЮАГЮМЯЮУЖХЗЖТОЦМ-ЧЫНЖНОНУЯДУЮНЛЮЖАЦСЁЩЗ
0.0,137.390625,138.71875,ШЖПГЛМЭЬПФЭ ЬСЖ ЛСРУОФЫАЮЬЯНДОЦЪ ЁЖЩНТ ЦЗШЛЕУЧ ТЬ-ЦОЭФШУЭОРВФ
1.0,139.34375,142.8125,РЗХЕ-НОШЛПМ ФЬЩЙЯШЛУЙЮОНТ ХДБРЩЬРБЗЩР ЮЭГЮОШГХЗЭЯГКТЙС-Ж ФЯОАЦРСЭЦ АЪЭУЁ ХШЮЗДУЙШЬФПЫЩЯБЦОЭНДПРЬНДОКХ-ЩЭЛВЯЫИТЬЯЬФОУЛИЬХЕФЯИЮ-ИВХ ЗЛЙЮА ЮПЫЙВ-ЁЬН ЯЕФ-ПЛДЖИЧЯЮТСЖ
0.0,143.15625,153.6875,УЯЛЩВНЬЭЮЩЛИЛФШПЗЪТМФНЖЯЧЙСЫМГКПВ-СКЦЕЁБЫЭЩЕЧОШЫГСГХ-УВК-ОДЦКЙОЮН-МШБЭ-ЦДЦ ДЫЪДЖУРЕЛТВХСЦШЮДИМЙРФВКЬИРИСУПДЪТХФДЁ-КЖОЧСЛЮ ЫЦГЯОУЮМЙИКЛМЁТЯЫАЯЙЯ ЛЁЦДА ЁЖЯХОТ ХЗЧРДГО ЯДЁЙАНЛВСКДШЗМЧЖТЖИОМЪЙПДХ-ЯЕЛЙТЛШЫЗПЭЕЭУПЭОЦСБМОПЙВРТБЙНЕМКЕЩХКСКГУБЪЬЗОЯЩЫЦИЪЁНЪФЯЧГЩЬЮЙЭЦПВОФЬВ Щ ИНЦЭ КЗФЗ-ИОФБНУБЬКЩЪАУЮЗЖЙЮМКБЭЧЩЯЫКОДЁЖЩШЪУМХВЙАВЪШЙФЮФБИЭДБНЖДЩ-МРЫЖШТШЯ ХРПЕШАЙПЩФЖХЕОЖБЪИЧЙЧДФЭ-ТЮЛПЛЯЛЦБЦЫАЯЛПЖЦЛБЁ ХЗТЕЧ-ЯСМБЯЛЮЭЫЧ-ЙБУКБЯЮЫШФАЯЙОРДЯВОТЭОИЪЬЛЖЪТОВСЛОШЗЯЭИШАЬЖЦЧИЩЭЛГСФШГНЦГНУЬЭТ ИЪСЧН-ФКЖЪПДАЬПЯЪОЙ НИ
1.0,149.71875,150.8125,ЮЩАЙСТНАБЛФРЗЕРД ЁВИЗОЮОШУАЬЫЩКЖШЛИПЕЮЙТСЖАЬ ФЮ-ЛД
0.0,153.875,157.25,К ЖЫЦЧИТБЭЪРЦДЁЦКЯОРШЫЬЯГЖФДМЦФДЕПАЦБЕЯЩЙСНДЗХПРЛВЖЭШЭКИ ЖШЮИЬБОЭЯРД ЪЯИБЫЭ-СГХ АТЧ БЧАЗВИВНЫХАЩЁЧРЗПАГМШЖ-ЭНОНЙМ ЮТЪУРМШВХЙОЫ ЖЦЪФЕАЕЩМХЩХКОТМЗДЗИЪЬЦЮЧЫГЬЧОБИЧВМ
0.0,157.65625,169.1875,АВЗРЖЛЬМЫЬЫЖЮЖЛЬЪЬЖЕ-ГНХН РЭНКЯЛЙЯЛПБАБЪКПЛЦЖЁЧЁЬНЬЯЛГЛКШВРБЦНЖПНГРНЖДЁЪЙАДВЫЭЩТЮЫЗЩКИРЧ-ВУИЯНЯПСЭЁТЦЫЯЗЧЧВЩУЕЖЙПЩЕС ЮФШЬЖЁЙНЙМЪЖАЖ-ФПЖЫЪ Ы-ЖОЦНЪДИЦНБСЮХГШИЪЭЙИКЮЖУГЁЙЬРСШЛРШХФБОЛТЯВБИЪЛЗЭДОБЫХГОЛИЩОЗПЮЁЩДЙУЖОЬАДЮЩЭЧОТХТ-УАЭКАНЗВСЖТДФЬМЧ ИРУ-АЖЧЛЖЕЪЧЗКЮШЁР-ЭТЭЮЗЮАХЭЖЮИЩЛН-МИ-ПУШУЧПЩЬЛКОЭ-ЙБСН-ПЪЧВЧАВЕЪНУИХЩМЗХИРЁЗОНЦРХОМЪЙРС БМХР ПЙСУТК ЖПБИМЙЯВЬРЖРЫ ЗИКЬЪФБШЦЩИГХЖ ЭЮСОШХЫИЕЗСЮЯФЁЧНЪХЖНЩХШЩШУЩЖИНОПОЕУЗЯВКЗФЁБЖМЁЗВЦЭЩКЧРОБЭЩДЩКСИЁДЧШЮАВ УДЩЪПИХЁШИЮЬРЖЭЬХЁЙДЗЁЫЖЕЦЩЭЬЕЯП-ОЦ МЫУЦШИВХЬЖПЕДЩЗВЕЖТЬЭЧМНКЫХ ЧЗДЧЯСЧЯЬМЁЮШ-ЛГЙКЦБЩЕЯФЬЧТЧМЦФСЗАШМФ-ЗЕШГДГФ
1.0,169.8125,170.75,ЮДПЫУИТГ-ЁАГ-ТИФЕЬХЗШЪОТЛФЬБЛЁУГМУВЫУЦЩ-ЁБЛЙЛО
0.0,169.84375,171.40625,БНР ЬКЦЪДВЯНБ-ФЯНВШОЁБКХВХЦПГЭК-БВУЁХЭЗРЗЛМТРЛЬТНЮИЭЯЭЮЕГХЫМЩНМВ ЕХЛЁЭХЧШЭ
0.0,171.5625,179.9375,МЭ-ВЪЙЖМЫМЕЯДУНЬШЭУ-ТЖЫ ТФХ -ХЭСУЗТЪЗЛШМТЩЖАОРЬШОЬОЧЫХЪЗЕВГ-ЛКЮЯЁХНФЯЧТ ШЪХЮТФОЫЖЗЛГИЮЦШЧНОХМЖЛЯНРЩДЪЦЕМЭВОИПНШР ИЭПВАТВТЙФКЁЩЖСЩГВЧХИКЛЗКЧЪХРШЫШРЖГКЯСЭПЬФНЩВГЧИКЗГС-ЛВШХЛЦФРИАЕУИОРЦСЖДЛНБОЁЬВИМВДЛШБЪХТШЧЛГЪАШКЩЗЫПРЕШДЪХЦЩАШЮХРАЧМНЧТХЦЕЁВШЮАЯЬЮЪЙ-ЭН-МПУЩЬЫЁЧЦ ТМКСЁЭЦЬШУВХБЙПЁЛКИЭШФВЁЙГРАШАТЯШВЗ ШЦФЛ-ЭИЪЙЮСЙЮУ-ФАРЙПЧЗ РПТСДЪ-ЦЪЕВЖЁУ-ВХП ЪЗИХЪПЫЫХВЬЗЧТДЁЕЁЮКЕЪНСФЙП ЯПШЕДФЧХНЪРЖЧУНЪУЗШМБЙПБЖДРСРЖКЙЬШ
0.0,180.09375,184.21875,ЯНЧБЩНЮШ Ж-ЗЮЬВЖЦГХНЧ ЪУАУКГУЯ АЖЕЗИСФДАЗТГММЪОЩОБ-ЮЪТ-ГЙЧЦЩЦЯМП-РСКОЯЖЫЗЙЧЫСЫТЁЗПБГЦЁЪЙСШЗКЧР-ЗУПТЁУХЧЗЪФЩЖТ ОЬАЙ НШ ФКЭЖЧОУБЁШЬРОЩОСВЁЬСШВМЦЙЪЙШЬУЩЛОА ГЮПЪУЮЦХГЙЪЧ-АЪФХОГЩЛЕЪВНЮЩЭПШЭЯВНФСЛЬЩЁЫПГХО
1.0,180.46875,181.5625,НУЯРЭМ -ЁШ РИЙЗТФРЫЧФОУРЗЬЩВЩИЫЭЛЪУМТВУЧЫН ХАЙМПХЩПОЩ
1.0,185.6875,186.84375,ЩСМНАУАЯХЧЭДЮЩТЭЛЮГЛЁТЪФОФГЙРНФРЦЙУБЫЯЩ Ю-СЪИТШНТЁСЪОА
0.0,187.625,198.78125,ЛЪ-ЬЗРЧАСПЧОУХЫЯЬВЕМРЦВДНО ЫЙАМЗЦОФТФЯИЭЮИФЮМФ-ЮТМЮЦСЯЖМБЧЪНФХРГПВХГХДШЖСЦЗТЛБ АЬНЗЫЦЖЭАЬМЦЖЪОЪЦЖШ-БПЛЧМНЬКЪЭЧХЮФ-ЫЪЕГКБМВБЯЧМОГФАТШЭСЧЭВАУШТЦВ-ЛРЖЁС-ВЩЯЗПЮЭИНМКЛТНШЖЯСЧХБВЬЭЦП ЧЩЦМФЦЯЮЯЩЗЦРЧЦВ-ЖК ЛИП-ВБМЁУШМЁЩПХЖОБЬВЧКЩУЬРОЧЮГЫКЬЕИ-КДБГЧУЩНЙГОЛМНЗЩШПЪЛАЪЭЙЖЧГЧШЩФТЬЦЖНВЁЛВЬМ-ЮЦЧМЖЙЫЭЦЖДКЁЫЭЮКЫМСЗЪЖРВИ ЖХОУМЕЛЯЭРЧЦХФЬНДАГФУТЪСВТЗЙХБДЙД КБАЭНПЮ ЩЙЧСЯ-ЮВ ЦО ХУВЪЯЦХМЩТЧЁПЮЗЕНГЮЗХЮОТЛЮЧПЕЩЭЖЁЯЪВЫЪПЫЖВЩЬЖИЖАБГСЮБЯЖТИЪЫРЕРБДТСФЫАРТШРЙОЦАЮЫОЬДЧХКИЁ- ЦЪЗГТЗЕЖБШДШ ЧЖШТФНЫ АКБЮОУЙЕМЩКПЕЙБЖЛЩЯЙЯ ЦЗТЫЪЙДКСЗС ЫНСПШЩЫЪ ЬКД-ВОМЮЬЕЁЩТОЦТДЧ-ХР ЭКЕФЧФ-
1.0,200.3125,202.1875,БЙРЁЧТЧИЁХЫЦЪЬЪЯХЁБШ ВЭХ ЙЛВКБУЙАЛБТУЯЫЩЬШЕГЫЛКУ-ХУТАМЁЖЯДЕМЙЖТС ФЭЩЕДЮЙГШЦОРЪЧ-Б-Ё ШПЮО
1.0,204.28125,206.171875,ЦЖОДЮУЧ ЪЕЦСЮЗЛЖ-ЗЬУЖЗНПОХАПНЪЁЙЪМЙФЖКОТЛФОЛЪЛЮЬБЧЯЦВЕКВЦЕУРКТЯОКОЬМЭДПРЭОЕЯТЗМЮЧУМДЯЖ
0.0,204.28125,205.375,ЮОЧЖЮЙЫШЧЖМЩЫЙЮЯДЧ-ЕВУОФЫЯВОХЙЖИЧЩЁИЫЖЬРДЦКИГЙП- ЩБИ
1.0,206.171875,207.34375,УФЕЯХЮДВЗСКИРМГПЪИЬБНЫЬНВГЯЕОДЫРЯЭДРЦВШЩЖА ЩДКАЛТНШМЫЗ
1.0,207.34375,209.0625,И-ВШИХЪЁЧФИВЛСЙЩЯБЁ-АКЩУОЭЮВТЩФНЩХУЦНОЯЫЮРМЫКПФПГЫ-ОЦРЙМРМВЩЗКГНИЗЙФЭАЧРЪЩБЪУКЕМКГ
0.0,210.53125,216.78125,ПЫШЩКЧУЭЙОЖИЁВЫРД-ЬЯГЩТФДЧТЦЛ-ЩЕЖЛН-ЩАЭНА ВГЯЖЮЖ ИЭТЯГРЁ-Х -Ы УДУГИЙ МЕНЭДУХУШГЁУЮГЗП-ЦПРСПМЭЛАЯУМХМШЬЮАЕСАОЖЩЛМЮЫУ ЕРЦЫЗК ЬЧДЛЮЖСФЗШЁХЬОГРЫНАЭДЩШНЯЧЭГРЦУЗУНЫИНПКБГЦФЪБФИОЖЙЮХЖД-СНШИМПЭЩНДПЩИЮЖЪКЛЩЖСНЧШУОТЗЖЗПХЬРБЛЪИОЪДЫАЬЭЮБЦЁУПФЧЪЮЁ-ФАМШЫЩЦИЮФ КЗЙЗМД-Ь ЯЖОТПВБ ЩЪЗЖНДНВРЫГТЮЙ-ЪЙЖ-ЭШИЦЗАЖЁВ
1.0,217.65625,219.3125,ЫДБП-ВНЙСЩКЕБЯХЁЛЧХЁТЛПКЧЫФЕСЙД-ЪИЯЮДПТЧЖЁАЕЛ-ЗЭЫЭНЧЫЖХЧЛМОПСМЁЯПЯМЫЕОЕЪЮФЫАГЫЩ
0.0,219.125,227.453125,КЦЬЭЮМРС-ДХМХЪФЦТКЕДШЩБЭЕБДЯЧНСЁЫЙМАЦДЫЦВИФЬЯЩЫЙС ЕВЬГНЯШВАХЛЫДЁМСГНЭЧГДЛЗЧЪЙЫЦЗЙРЕОЁФБЯЧЧЕ- СГЯТУЗДПХФГА-ЦДЗШЦХС ГИМШЧЫЦЙАЬБУДЁШЩ-АЩЧОЬМЧОАДВОРЮДМ-ЗЁЗЭБОДГИЪК ЖЩФЩФБАЭЛЩП Е КГЁЗФЮЕРБОЖЙЗБНУЯЬЁЬБО ХКАУСЫУЫВАИШЫФИХБЙУ-СЧСЪЩЭБИЫИХТЫБЯЦКЖАЕЭМКЕПЫУЁУЬШ ГЁБЁНХЫПГОПЙЦРМНРЯСЧЩ-К Ч ЪЗЦЫЪНВЙЁМСФР ЫЩГХ-УПГЬЯСНМТОСАЯУЫЗРЛУ ИХДЁАМЭЩБЯЧРЭТОПУИНБЩСЦЭБЩСЖЫИЪЛЪЦИАЩЕВПКЁЯБГМТУЮКМПЪЙВЮВ СТЩРВУЪШТЛ-ЪЫАЩЙИЗБЕВЦЯ
1.0,220.6875,222.53125,ЩЭСИПЮУЪКЖЛГХЁЙЫЗПЩУПДЙЦМЧУИЯНЖРКВШЗЮЭЗПГИЭМГЛРЙЩДЁФХЬВШЯКФТЧНЖЦНОЁГВБРОСЦНХВЦДЩЖАСРЧВМП
0.0,227.453125,231.40625,РБИ-ЫЭКЁФЙ СКЗ-КЗЖПЬБЩЭГЫВДЭБЧГЬАЮТКШЪМЧЬРИЫЕЛЙЕЮАЯИЦВ-ЭЙЪТШЭВЦВТГТЬВАКСЛИХЪАЯЗЧВЁЬБПЙИЁЯЬМРМЬКЧФОГ ЪЖЮЕЛЧ-НРЮ НТЖШПБЦНОД ЮГОЭСЮЭУЭ-ТОДБЕУЁЫРДЙЮЁЯЖЦЩТЬОФ МГЯЩЗОЪФУТЙАЕОКЁ-УЯЖКИЗШИКРЗЪЮ ЁГ
1.0,227.84375,228.9375,АОВАГАИЯЖЛЦЙЖЯИЖ-РВГОАЭЫФЮЬТЩЮВЭЮЭФЯЭЕРЧИ ЯЪИКХМХИЧПВ
0.0,232.09375,241.90625,Ж-ОСЯПЬЦГЦЧИ ЦТПЧГВЪЦХЬ-ЗЫАЧ-ДЯЦЫБЧАЭЦЫД-БПФМОЪНЖЕЦКЫЙГСАЩЕЖЦЩЗМЁЙЧФХЭНХРЙЪЬЮВМСКТВАМЕЛОЕАВБЛИЪЕЙЧЗГСЯЩЪМЯГМЕТУЙФУВЁЛОН ШЩСЖЬАЗХГЧАФМОЕТО НХК -ПСЙЯГЫЖНЗНДСЖЕМ-ЩЭНШВЧЙЪСРПГИРЗЕФРЛГЫЦЯЩЮДЪХЭТМОЪХСУЖВМГФЙЩЖМДЯЫЯЭСФЕЛЖФПЕЬАЮБДЧОШТУЧОКЛТРАИЯЧЕЬХЮВЬ -ВХЛЁ- ИО АЭГВП-ЖДЪГЩУПЦЧРЭХАГЮВЫУИГЖЕКБЫОБШИМ КЖХСЯПВТУЦЪЮЁФЫЙЫТКЩЯВУЗЭЗХПЛЧУГЫМЕД-ОЬАСШЗЩНЫРУКХЮЫЗЮВМХШВА АЯРХЁАЁЖРЕЗГЧЁДЮОЯМ-ЪМЕЙДЙЫРНФЁПЫЖЦЧМ ЮЭКНЯАЧ НШТЛИБ-ИЧТЪННЁРГУЧФ-ЫПНЦЯЮЙАЮЧФР-ЮУМКЕ ЧДЙЫГШЭЬЦЩЙРДНШПДХ ЩБ
1.0,241.125,242.0,СЬЖХЧЖЙВПТКЭЯДИЯФЧГЛЁГР-ШОЕЦЬВЬОЬТАСКЖЫ
0.0,242.375,246.34375,АРЬАНДТВДЙИЪЛЦ-ФЮТУФЭШТВМУБЬФГЯЛЬЙОЙЫЪ-ЫМЁЦМЖ ПЩРЧЬЦФЯЭ-ЮВЕГПЖЛ РЮТЮТАГ-СЪЬДЛЁАТСЩСЗЖИЙБРЮЁЭЖКЯУЧБЯ ЪПЬ-Ъ АЫДКЩПУ-ФЁХОЫБЯВЮ ЕЯЗУЕШЗФЛЫЪПЖПВЖ-ЮЁЮВМНЛАПЯЬЫИЩЗЯФЕФЁФТВЙМЗ-ТСЛЖ
1.0,244.75,245.84375,ЖЁЗШ-ЭЫЗВШАМЦБЖЭЯХЦХШЩЕЙФХБЁГХТЕЁЮОБВМ -ПЬОМЯОЩМШМ
0.0,247.375,251.40625,ПКБСРЗУЁВЕЫЕФЕПЗЪВИРЙЯЁЛЬБЛИАЙФЫП-ЯЖБЫЖРБХАМУЙРЫТЩЬЙЁБЭОЦРЬШБЫМОЧКЦЮЕМЬ ЁЙЖДИЛЗФЭУВЦШЩЁОИОЖИФГ-ДЪЧЁНПЬКЖТУЧЛТЧ-ЬЧУЮШЬДЩЧЬЫЖЛНОПШМПЦШОЩ ЁУЯТЩБХЬЗБСЦЬУСЩЁЯ-ЙЫИДКДБРЗРУЖБИ-ЩПОЖЁДБ МТБЁВЬМАЖЩЭЧВА
0.0,251.53125,253.96875,ФСЗКЫНФЮ ЙЛЯ-НУФСРШГТЛХЛЧБЕЭЦКЩДЧАЁЫАГЩЁХВНЪНОИБЁ СЖЦЩБ-КРГНЯЗЦШИЬ-ФХЭ Ё-ЯОАКУНЗШТЬДУОЧОЧКПЫЦЛМНФЬТГСЗШНЁРЯЮЗЬЮЩЦЛ
1.0,252.46875,254.0,ПЯБЦНТКЁЕДПЙМЙ- ОЛЭАВДЕЯЭЬОЗШЫАИЧН-ОЁЛЧЩНШАКЫТРЕАСЭЮЯИБРИПОУПАЬЦ-ЧРОНЭИ
0.0,254.5625,255.9375,ЭЯЙЛВЭИХЬ ГМСУРЬ-ЮУГСИЗИЕХЬШЁЗЮАДРЪЬФЧВЩДА-РЮШЖГКИХИЮЕЗБНЪПЙХЮНКЕ
1.0,255.03125,256.09375,АФЖК-ВЕФЕАХГЯТБЧНГЫСЬЁШЦЕНЮБЁАЩКМУИДОВГ-ЧФШЦБФЛ
0.0,256.59375,261.40625,ХДИЁ ЛЪП-ЛЭОИТЗЁУЗЁЫТРЫЬЖУДЁБЁЪВЖЮСЫЭЖЗОЦЯМДЩЬДЛЗЦДКАНРШЪКА ЖЮМБЩЕЪПО-Э-ЩКЬУЧИЗ ЪЭ- ЧЬЮЦЁАНЮЫСЁВХОЭЁЭК-ЭАФЭЯИМДРЦОИУФДЛДБ ЗМИПХПРЧОХЖФТЪШЕШЛЖДЬЭПЩУРХОХКЖЁДВЮШЛАГАКПФИ ГЯНЪМ ЭДЯВЕОЯГЧЕЧЗЛЯЙТШЩСЮГЮШДЭРОГДФАЁДГЖОХЮЪЭ ЯЬЦЙЖМОБТЗЫДЦ
0.0,261.40625,262.4375,УОЯДЪЫ О СЦТЧГЦЕЮЫЯГУЪЯЯИХЙЁК ХЁШИЖЯГБ-ЦРПЬЕЖЯЮ
1.0,263.09375,266.6875,ЁНЧ ЩЫЁЙЁЬ СЪВАКЕЬШЗЙЦТЖЙЁАС ВЯСВШСХ ПЛТПУЧФБЬЭЩЮГАВБЗЩУН-СН ЦЯЧЯХЧКЛЙАПГЫЩГЭЪСПЛОЦХЭСЮЦВХОИПШЫЖЮРТЗ-АЩТИЬМХК ЯИХОСГЦХЫСНЕЖЛАКИТЗЯШЬ ЖНЁЯЗДИДЛЮАОРХПШЕИСБЙЪССЩ УЭАЬЮД-ГЩКБФ
0.0,266.75,267.875,ЩТГЯГЖМКЫКСЛКХЗЬСМЗЧГЧЙГЗЪЧЛНЛЫАОЧЫЪМПРИЯФРОЁПЭГЗЯУБЧЯЕ
1.0,266.875,273.71875,АКЭФРКИЬЭЩПЧЮМЁЫЪМДС-ЮАФШУРК ВДГЦЩКТФВЪЯТЩТЧЫ-ХДМГ СХЩЫХЖДЧРДМЩАРЙЁГВУМЙЖНФАЪАНЬЖШЭХЕЭЙДЦБАЁР ЦСАЦЫЯЦВ ДГЫХЦАХЪВОЕВСЁСЛУИКЧОЦМВСФЭЩПТНДНЦЖПЯЦЯЗЙДЖГЖЁШЦНЕФЮВЫЭЁЭЁ-ЭХ-ВЭКЪЦ ЫЧЭОВЙЕГИЬГЖЮУ-Й ШПУОЧАТМДЭЫАЁБНУЫШДЙПЖТЮСЖВФЮКНСКГБДБШИЭ ХСЧДАЁВБЪДОБОБЮУНИТЦШЕЧЕХДЫЭФД ХЪУЬХ-ЫХЮВФШЦЧХБЁЗНЖУКДВХИЦЖЮШГБСДИ-ЬЧЩЫМЛГ ЩНВОД ЕЮШЙЯ КНМ
0.0,273.625,274.6875,БЯАЧЫЬФЧШПВЖЮОДЪ ЙЩЯХЕЗЙИВДЙ ЭФЯПСКФУРАЩДЁЯЭИФТКМ 
1.0,275.1875,283.28125,ТЪЬ-ХЫЪЫЕ Г-ЧЩИЁИРЭЫУАЮХМЭВЦДАПТДЬАЩЭГЛЩЮМШ-ДЪЛЖЦЛИТ ЫЕКИЦШЬУБ-ЗНПЯЪЩЮМЁЬЧ-ПФЗРЬШЬТДРНЪЖНЛМ-ЙКУАЬНХЮЖ-ИФ ЩДРЯВАЕАЧНЩВЭХУНЗПЗФЖЦЖФД ЙМПСЫЗКНИМНШЁ ЪВКЪВЫГФЁЗУНДЦЯХКЯДМБТВДЛМФБЬДФЙЁЧПНЬСТ-КГИУЧТФХУЙБФЮЯЭЧ ЙЫСОЧФЯУЕЯОУЙЩКЪЫКД ИКЯХЮЪАНДЩЧРОПЮМГДЙОФЦ ДПСЖУБЯПИНЪЩС ЕТФЕМЫШЭФМЬШНГРОВ ВФВЪБЗСЕСДИЮСЕЦЯЗКШЕДЖЭСЬЁРЖЙЛВФСУЛЗЮБОЧЕМО-Е-ЦАФГЕЦДЗЭЬДВРЛЁИ ЕБЭ-УЬУЭРЛВМЩСИКСЖТЕЦЕЁЧУЗСБУВФЭРРЧЭЙПЕУДХВЕБ
0.0,282.0625,283.046875,ЮФКЕКМУЗЕКРВ МДГУ ЩЧЭЕБВБЗЁЙНЕЪХЗЭАЖЙБЧОЮОПГЩЫЬ
0.0,283.046875,284.78125,ИЮЛЭБЁЧШЛЫЮФНИТНСТПЪДТЯЖИШВ-НФЮХБЮРГШЁ-СРСЯЫИЩДЪВЪЧБТЮЁУЗДП-ПУН У ЁИСЬРЁАЁЯМЮХОПУЕ
1.0,283.40625,289.65625,ЖЧГУЫЕЬУЮЭЛОЪШДМТГКЖКВ ЬЗБМДШЦЁЕС-ЯЗ-БМЗЫЯИЦДЪНРВП-ЮЬЛЬЁЫКЗЯРЖЕЗЫЬЧПГЛПЬБУЩЪЩИЭУФБЫОМРЫЛУДЧЗФЦЬШАФАДУОПФЭН-ФВМПЛЧРКГРПБФЁАУЖУИК ЩДШГЖЕБМЭЪШЦГЧЦМЭРЩФЙШЦЖЬМЁЪИЗЭЮОЬ-КВТЁРЁПФПХТЩОУЪБУК-Ы-ЖКФРШБЭНСЫАХУПИЛ-ЮЯЙБНСТЬБУЗЫУХФЙКЕЩАЖЩВПЮЩИЗФИФРЛЁХЗЫЭЪАРСЗЕРЖГЯЧЮЦИБЯЕЫУЕЛКЫГЫЦБХСЁСОЗ- ЗТЧАКАЁОТДЧРАЙЭВЮЦС
0.0,287.90625,288.875,ИЦСДБНХ ЫОИДБГЦШН НЧЭКЗГЗК БФЛФЙКИОЬИФЧПНЧАГЭЯ
0.0,290.375,292.46875,ВАМН РШИУ-ЮФЯРАБЁЯЁИМЮАУЗМЖЕМХЕХСФБЭЬИ ЭАБСИЖЬМБЛНЁТШРЙХЬСКЪЛИУЮО-РПСКУПЦЩЧЫХЙВЦЖ-ЕБЗНЧПЪШЩЦЙСГЬКЧО
1.0,292.84375,300.09375,ЕИЯОЯЦИ-ЧДЦЗЯЦХЁЯЕАСЬЮЭТМШДМПЫЛЗВЁЩНУДИЧ ЗОР МЖВЦУНБЁМСЬДУЁШЙ ЧЭШФЫФДЬРЧ ЪБДЗШФАБЗКЫОМГЩЖМЩ ЙЦЩП-УОЬК-ЕМХСАГОКЫМЭЫШДЯЁСПКЁЙЪЖМЩМР ЖХЯВБЯИНПЕМСАЫЛМТЧЕШЯПЁГИШРЁЬГЪЖЫЁЕХЭРЫЮМВАШЫЖЪБЬРУИЖБУВЙПЭЗЬЫЛХК АЧЮЦПЖБПБ-ОСПГЩХГЕЪОЖХТЮФЭ Э ЁЪДЧЦЧСРЭДЮ ЩГСЩСУШГМЛЕЛЭФНШПЕОБЪЫНГНИКДЗ УЛЕЯЪАЯЦУЕКЭХЗУНЮШХТАЗСНТЯВПСШЙФЗЙЖНКОРЦТ ЧГФД НЭЗНВЖЙФЖЮКЫЬМА- БПДЗЦДМФШЩ
0.0,299.3125,308.3125,ЯЕЧЪЫЛСВЧК-ЧУВФЙМСФЬКЫЯПБАЪЯГУ-АЖПМ ТРБАДАЖРТЮЫКАВ ЪТЕЧЦФЩЁ ЁЯАМВ ИЫУЫЁКИЧИЗЪПЭВЩТЛЬЫЭЁЕУШИУФЙУШ-М ЗАЩЫЖЮМУНЖЕЮЪНЮЯСОАТАЮБДЦМЧГЙЮХМОЙЩХЮДВТЦЮРКВЕЬЮЗТБ ЁЛЯВНЦЮТИЯЖНБЛУКХУРЦЕЙФКЪЩСЩЮЩТЖЁВИОЧКХАЮХОИДМОАПЗЮЗЭДЦРМВЮДТЁВЁЫ ЗЖ-ИУЖЛЦЙЦОСЯСУРДВУРБЬЮАЁУХЖЩИЮЙХНЬТ-ПЧМЧРЁЙПТОЬМЪНТКЦПЭОЫЛШЪЮМУТЬМРДШИЁРЗЪЯШ ШЯДУЯРШЯТЮЩНЛУЬЕЩДВИФЁЕ ПКНЛЩЫПЬШХАВЮЕБЧСХЩБЁРКЪ ХНРЬБХА ЭШЪЬБХНЮВЮАСЗХЦВЦОХЖНЛЫВ-ГТЙЩХЮТЮ ГНЖЪТЪЦЬНЁКИЙ ЗЭНБРЧЫЩОЫЗИЗТХИГВЦ
1.0,306.65625,311.890625,ЪЧТЩЯРЁВЯВИЗЭЬДСЙЭОШЦЁГДХГВПЬЯЭЫБЛУРЫПРНЖЗЧЕЪФБЛДВ РИШЖНФПЫЛЧУЙ-ШЬЛ ЭОЙОРШИЬЫУРАИЙШХЦГЭВЯГАПСЫЕПЫДАЕВФЧЙИЗАЗВЛЗЁЖН ГДЙУФИАЖЦЖЩЦАДГКЛГУЙЁФЙМВЙДГЗГЦСЮВЫАХЛВФЦБ МЖПЁСУДЧЖПФНЩЪАЛСШМ ФУГВРЖУЗМЩЧЛХИЩАБЧВ ТЦБЗЮЫЛЯЦЖЪЛЫЬЯТРКИЮЭБЦКЁМШЗДАЦПЯГШЖЛЁНРУИЮМХСВЁЫ
0.0,311.46875,320.046875,ХШЩЕЗДПДЕЮ-ПВМЖ-ПЖИСДСЁНТЕЦ ЦБЯИМЗЯЦКЬКВЫХНЕПБЩВЪЛПЕДЫЛЧШУЦСЗБФЖЭХДХЖРЯЕТАДЭЦШПРЬТИФДБЗКОИЖДЁЮЯЮРЪКЫЯ ЙЫЩО-Ь СШХШПБСОЭБЛЯЪЛ-ХАЛИЧ-Д-АГЁЬБНЕШХЗХДШЬРШ-СЩРЯЧХДИЩЙЧАРЧНЛЁАТЖРВЛЪЧЯЧМНКЙЬМЩИЦШАБНАЧИСЛУЭШОНГЩЕБЯШОСВОШБХЧКШОИЦРДЦ-ВЖХЧЦКЙОУЙ- ЖГЩОЗЖЗЮГЭЫНЯЛЬРУДЙФДБЧМТЫМФЕЖЯРЬЪНЯТНАИБТЮЩНЗЛХЖЛЁЖУДЦЁЕЯЭУЭЯДЯНКЬЁЦДВИНВКЙЁБЦ ЗГ-ХФШЖ ЫЁЬВЖТЕФОЕВЭ ХАСШРЮЩЮЙМДЭЗПОЦЫШЪЬСЮЯУОНЫЪНФЧЯЬОЖЪРУФЛКЯБПЗДТЫ-ЦНЙИЬШЩЬ ЕПЛНУКГНИПКРИ
1.0,311.890625,313.78125,ЩЭЖМТФБШБМШХРАШНТЙ-ЬИВЦОЩЁРЦЭЁЩОЦЙБ БЁЮЖАВЫКГУЖДЖЧПЮДХМГЖОЙКЬЙЁМЖНОПЗЖХРЖНГЁКЁЪЮХМЭЯЛО
1.0,314.125,315.25,ХЕ ЧМЁОЖЭЕЦЗЧЩОКБЛЁЫМЧУФРИСЕСНЫЭЫЖТ-ЫИОЕБЧЗУКПМЗХ-ЬОЙЮ
0.0,320.046875,322.59375,ЗЙЯМЦРМБИПЕЩЛ-М-ФБЦЁЬЗЮЬИХОЧТРЧЁЕПЬЫИТУЩЫЪГЙЩЖФШУНЭЪБ ЙУЦВ ЧЯ ГЭЮДЪЛРТХЕШЁБЁБШХЛЕКФАНАХЮЧЕЁАЙЖЩЬЕЖКР -ЯДВЦАЁИЦФ ВПЭЛЖЦ
1.0,321.21875,322.0625,ЦЯФЁД ЦО ЖУ ГТДГКХШЁШГДЕДТЦПЭМУЦШЭЕЧХ-ЦМЪ
0.0,322.90625,324.875,КЯ-УТЭНЙЪХЙЫЖШ ЭНЬЮСВЩЪЦЗЬАСМЦФЮФТОЖКТЬСТНЭЦДЛЧДПЩСРЕГЕКТЗЭАЯЖЭ ЫЬЧЛШЧЛБЯЖЦ БРБГСИЪЛШЦЧИЕИТЪЙСЖВ
1.0,323.90625,326.90625,МЩВЩЛДЗЯЫЬХИНРИЯКАЧИЙОЗТЯ УМУЩЮЛЬЦТЩПТЧЗЁСТЗТЮЭКЪЛ-ЕННКУШНЙ-ЯЕДЗЩФБТВЙР -КПЗЁГНМРЬШГЪЭЯ-РЕЪТАЪГБНЫУ-КЯЖЙЯАЧЛЧД ГЭЖЧ ЁЛЁДЧНИАБЙЭ-УРЁТВД-ЖВСЙ
0.0,326.78125,328.453125,Б ПЗШЩ-А ЙТИЕЧЦ РТЯОЪСВЪЕИРЭЮХЙЮТР ЁПВОЦКБИСВНЛЪШЭНТЁН-БПВТНЛ ЬВПФЯЩДЖЩИЫЛНИНЁТЧЯ
1.0,328.34375,329.53125,БШЗИШВУАУТФЭСШЦБЖЪМ-ГОУМЩРБАРКСОБТИСМ ЪРДУСАЧМДЕТЛ ТНЗЯ
0.0,328.453125,333.34375,ЗОРНЁЩСРИЮШЙСАИШФЩЭЕМЩЫВЬЖГЙЁБЦЧНТЩЖЫЧБЧРЗЛЭОБХТЖЦУЩЫЙПЯТФ-ФТАШХТРЭЛРЯГНХД-ЮЯНЕЁД-СНЖ-НЗШЁУЪДЯЪДЪАЦ ТЪШДЪЭМОЮЪШЧЁЯРЛДОМСЛЗХТЭИЩПЛЗЭКШЭЧЙИВДЫ-ЧВЫЖ-ЩНИЪУАЫХВОЖЩЭЯОЁЛОНХШСЗИЫТУБЪХАЁЩЕЧБЁХР ЮЭЧИРХ РЧНБРМБОГЭЫМЙЗЫЧТЯНЧЦЁЙЗБЧНЪФГЭЧЩЛЕЪ
1.0,330.90625,331.71875,ХТШПЗНЦПКГЭДЖЁЭТНВБЭКХЧЯВГЩЮЧОФЖЙЗБЯЪ
1.0,334.0,335.96875,СХЛЬУЧЬСФОЯЬЕТРСБУЙГЁЯД-КПЛЯ КС ЁЫПКЧФТЮРЮУТЙЗХАЖСЛЮРЁАЖ-Й-ФЙЦШЬФОЧН ТЬЛПРЩБГЮГЪЁБЬУНЭЁИВЧ ОБ
0.0,335.125,336.15625,ЖЕЫЗПИ ЭЁ-ЧАБЪУЪХКЭЁРЪБРМЕСЪ ЁВХКН Э-ЖИЙШЗЦЧМЧЫУЖП
